1,Βιβλία Γενικά
2,Βιβλία Γενικά
3,Βιβλία Γενικά
4,Βιβλία Γενικά
5,Βιβλία Γενικά
6,Βιβλία Γενικά
7,Βιβλία Γενικά
8,Βιβλία Γενικά
9,Βιβλία Γενικά
10,Βιβλία Γενικά
11,Βιβλία Γενικά
12,Βιβλία Γενικά
13,Διαδίκτυο
14,Βιβλία Γενικά
15,Βιβλία Γενικά
16,Βιβλία Γενικά
17,Βιβλία Γενικά
18,Βιβλία Γενικά
19,Βιβλία Γενικά
20,Βιβλία Γενικά
21,Η/Υ - Γλώσσες προγραμματισμού
22,Βιβλία Γενικά
23,Βιβλία Γενικά
24,Βιβλία Γενικά
25,Βιβλία Γενικά
26,Βιβλία Γενικά
27,Βιβλία Γενικά
28,Βιβλία Γενικά
29,Βιβλία Γενικά
30,Βιβλία Γενικά
31,Βιβλία Γενικά
32,Βιβλία Γενικά
33,Διαδίκτυο
34,Βιβλία Γενικά
35,Βιβλία Γενικά
36,Η/Υ - Γλώσσες προγραμματισμού
37,Βιβλία Γενικά
38,Βιβλία Γενικά
39,Βιβλία Γενικά
40,Διαδίκτυο
41,Βιβλία Γενικά
42,Βιβλία Γενικά
43,Βιβλία Γενικά
44,Βιβλία Γενικά
45,Η/Υ - Γλώσσες προγραμματισμού
46,Βιβλία Γενικά
47,Βιβλία Γενικά
48,Βιβλία Γενικά
49,Βιβλία Γενικά
50,Βιβλία Γενικά
51,Η/Υ - Γλώσσες προγραμματισμού
52,Βιβλία Γενικά
53,Βιβλία Γενικά
54,Βιβλία Γενικά
55,Η/Υ - Γλώσσες προγραμματισμού
56,Βιβλία Γενικά
57,Βιβλία Γενικά
58,Βιβλία Γενικά
59,Βιβλία Γενικά
60,Βιβλία Γενικά
61,Βιβλία Γενικά
62,Βιβλία Γενικά
63,Η/Υ - Γλώσσες προγραμματισμού
64,Βιβλία Πληροφορικής
65,Βιβλία Πληροφορικής
66,Βιβλία Πληροφορικής
67,Βιβλία Πληροφορικής
68,Βιβλία Πληροφορικής
69,Βιβλία Πληροφορικής
70,Βιβλία Πληροφορικής
71,Βιβλία Πληροφορικής
72,Βιβλία Πληροφορικής
73,Βιβλία Πληροφορικής
74,Βιβλία Πληροφορικής
75,Βιβλία Πληροφορικής
76,Βιβλία Πληροφορικής
77,Βιβλία Πληροφορικής
78,Βιβλία Πληροφορικής
79,Βιβλία Πληροφορικής
80,Βιβλία Γενικά
81,Βιβλία Γενικά
82,Βιβλία Πληροφορικής
83,Βιβλία Πληροφορικής
84,Η/Υ - Γλώσσες προγραμματισμού
85,Βιβλία Πληροφορικής
86,Βιβλία Πληροφορικής
87,Η/Υ - Γλώσσες προγραμματισμού
88,Βιβλία Πληροφορικής
89,Η/Υ - Γλώσσες προγραμματισμού
90,Βιβλία Πληροφορικής
91,Βιβλία Πληροφορικής
92,Βιβλία Πληροφορικής
93,Βιβλία Πληροφορικής
94,Βιβλία Πληροφορικής
95,Η/Υ - Γλώσσες προγραμματισμού
96,Βιβλία Πληροφορικής
97,Βιβλία Πληροφορικής
98,Βιβλία Πληροφορικής
99,Βιβλία Πληροφορικής
100,Βιβλία Πληροφορικής
101,Βιβλία Πληροφορικής
102,Βιβλία Πληροφορικής
103,Βιβλία Πληροφορικής
104,Βιβλία Πληροφορικής
105,Η/Υ - Γλώσσες προγραμματισμού
106,Η/Υ - Γλώσσες προγραμματισμού
107,Η/Υ - Γλώσσες προγραμματισμού
108,Η/Υ - Γλώσσες προγραμματισμού
109,Βιβλία Πληροφορικής
110,Βιβλία Πληροφορικής
111,Βιβλία Πληροφορικής
112,Βιβλία Πληροφορικής
113,Βιβλία Πληροφορικής
114,Βιβλία Πληροφορικής
115,Βιβλία Πληροφορικής
116,Windows
117,Windows
118,Windows
119,Windows
120,Βιβλία Πληροφορικής
121,Windows
122,Βιβλία Πληροφορικής
123,Βιβλία Πληροφορικής
124,Βιβλία Πληροφορικής
125,Βιβλία Πληροφορικής
126,Βιβλία Πληροφορικής
127,Βιβλία Πληροφορικής
128,Windows
129,Βιβλία Πληροφορικής
130,Βιβλία Πληροφορικής
131,Βιβλία Πληροφορικής
132,Βιβλία Πληροφορικής
133,Archicad
134,Autocad
135,Autocad
136,Autocad
137,Windows
138,Internet-Σχεδιασμός Ιστοσελίδων
139,Internet-Σχεδιασμός Ιστοσελίδων
140,Internet-Σχεδιασμός Ιστοσελίδων
141,Internet-Σχεδιασμός Ιστοσελίδων
142,Internet-Σχεδιασμός Ιστοσελίδων
143,Internet-Σχεδιασμός Ιστοσελίδων
144,Internet-Σχεδιασμός Ιστοσελίδων
145,Internet-Σχεδιασμός Ιστοσελίδων
146,Internet-Σχεδιασμός Ιστοσελίδων
147,Internet-Σχεδιασμός Ιστοσελίδων
148,Internet-Σχεδιασμός Ιστοσελίδων
149,Internet-Σχεδιασμός Ιστοσελίδων
150,Internet-Σχεδιασμός Ιστοσελίδων
151,Linux
152,Photoshop
153,Windows
154,Windows
155,Windows
156,Διαδίκτυο
157,Διαδίκτυο
158,Διαδίκτυο
159,Διαδίκτυο
160,Διαδίκτυο
161,Διαδίκτυο
162,Η/Υ - Internet
163,Η/Υ - Internet
164,Η/Υ - Internet
165,Η/Υ - Γλώσσες προγραμματισμού
166,Η/Υ - Γλώσσες προγραμματισμού
167,Η/Υ - Γλώσσες προγραμματισμού
168,Η/Υ - Γλώσσες προγραμματισμού
169,Η/Υ - Γλώσσες προγραμματισμού
170,Η/Υ - Γλώσσες προγραμματισμού
171,Η/Υ - Γλώσσες προγραμματισμού
172,Η/Υ - Γλώσσες προγραμματισμού
173,Η/Υ - Γλώσσες προγραμματισμού
174,Η/Υ - Γλώσσες προγραμματισμού
175,Η/Υ - Γλώσσες προγραμματισμού
176,Η/Υ - Γλώσσες προγραμματισμού
177,Η/Υ - Γλώσσες προγραμματισμού
178,Η/Υ - Γλώσσες προγραμματισμού
179,Η/Υ - Γλώσσες προγραμματισμού
180,Η/Υ - Ιστορία - Φιλοσοφία - Θεωρία
181,Η/Υ - Ιστορία - Φιλοσοφία - Θεωρία
182,Η/Υ - Ιστορία - Φιλοσοφία - Θεωρία
183,Η/Υ - Ιστορία - Φιλοσοφία - Θεωρία
184,Η/Υ - Ιστορία - Φιλοσοφία - Θεωρία
185,Η/Υ - Ιστορία - Φιλοσοφία - Θεωρία
186,Η/Υ - Ιστορία - Φιλοσοφία - Θεωρία
187,Η/Υ - Ιστορία - Φιλοσοφία - Θεωρία
188,Η/Υ - Ιστορία - Φιλοσοφία - Θεωρία
189,Η/Υ - Ιστορία - Φιλοσοφία - Θεωρία
190,Η/Υ - Ιστορία - Φιλοσοφία - Θεωρία
191,Η/Υ - Ιστορία - Φιλοσοφία - Θεωρία
192,Η/Υ - Ιστορία - Φιλοσοφία - Θεωρία
193,Η/Υ - Ιστορία - Φιλοσοφία - Θεωρία
194,Η/Υ - Ιστορία - Φιλοσοφία - Θεωρία
195,Η/Υ - Ιστορία - Φιλοσοφία - Θεωρία
196,Η/Υ - Ιστορία - Φιλοσοφία - Θεωρία
197,Η/Υ - Ιστορία - Φιλοσοφία - Θεωρία
198,Η/Υ - Ιστορία - Φιλοσοφία - Θεωρία
199,Η/Υ - Ιστορία - Φιλοσοφία - Θεωρία
200,Η/Υ - Ιστορία - Φιλοσοφία - Θεωρία
201,Η/Υ - Ιστορία - Φιλοσοφία - Θεωρία
202,Η/Υ - Ιστορία - Φιλοσοφία - Θεωρία
203,Η/Υ - Ιστορία - Φιλοσοφία - Θεωρία
204,Η/Υ - Ιστορία - Φιλοσοφία - Θεωρία
205,Η/Υ - Ιστορία - Φιλοσοφία - Θεωρία
206,Η/Υ - Ιστορία - Φιλοσοφία - Θεωρία
207,Η/Υ- Βάσεις δεδομένων
208,Η/Υ- Βάσεις δεδομένων
209,Η/Υ- Βάσεις δεδομένων
210,Η/Υ- Βάσεις δεδομένων
211,Η/Υ- Βάσεις δεδομένων
212,Η/Υ- Βάσεις δεδομένων
